filename,emotion,pred_emotion,voice_conf,text_conf,final_conf,transcript,feat_1,feat_2,feat_3,feat_4,feat_5
03-01-01-01-01-01-03.wav,neutral,stressed,45.39,20.81,38.01,Kids are talking by the door.,1546.0445556640625,1167863.875,0.004143283702433109,3.3346397685818374e-05,3.4916074123915695
03-01-01-01-01-01-06.wav,neutral,stressed,43.15,20.81,36.45,Kids are talking by the door.,1878.418212890625,1256606.125,0.0016340386355295777,4.790706498170039e-06,2.996984284563658
03-01-01-01-01-01-11.wav,neutral,stressed,42.9,20.81,36.28,Kids are talking by the door.,1223.276123046875,1361697.625,0.001827168744057417,5.672673523804406e-06,2.8694404591104736
03-01-01-01-01-01-12.wav,neutral,stressed,45.02,20.81,37.75,Kids are talking by the door.,1655.7794189453125,1307299.0,0.00270173791795969,1.0373325494583696e-05,3.5743744844652188
03-01-01-01-01-01-14.wav,neutral,stressed,43.39,20.81,36.62,Kids are talking by the door.,1864.1346435546875,1370922.75,0.0011607330525293946,2.6256509499944514e-06,3.169914628435575
03-01-01-01-01-01-15.wav,neutral,stressed,45.71,20.81,38.24,Kids are talking by the door.,1285.196533203125,1027078.0,0.004510041326284409,3.7695041100960225e-05,3.5607648226108566
03-01-01-01-01-01-16.wav,neutral,stressed,46.16,20.81,38.56,Kids are talking by the door.,1644.818115234375,1266485.75,0.0029916574712842703,1.3535433026845567e-05,4.01384777482314
03-01-01-01-01-01-17.wav,neutral,stressed,44.44,20.81,37.35,Kids are talking by the door.,1105.80224609375,921302.8125,0.004058996681123972,2.81375087070046e-05,3.127290495968727
03-01-01-01-01-01-20.wav,neutral,stressed,42.83,20.81,36.22,Kids are talking by the door.,1858.96533203125,1266357.0,0.0015619364567101002,4.3414465835667215e-06,2.8817405713050683
03-01-01-01-01-01-23.wav,neutral,stressed,45.5,20.81,38.09,Kids are talking by the door.,1728.6533203125,1290644.75,0.004885701462626457,4.087381239514798e-05,3.417623765629878
03-01-01-01-01-02-16.wav,neutral,stressed,44.9,20.81,37.68,Kids are talking by the door.,1677.1409912109375,1308123.0,0.003191970521584153,1.629013968340587e-05,4.5489513998060005
03-01-01-01-02-01-03.wav,neutral,stressed,42.41,19.75,35.61,Dogs are sitting by the door.,1612.1021728515625,1244594.75,0.004245706833899021,3.0627226806245744e-05,2.2834308548594264
03-01-01-01-02-01-06.wav,neutral,stressed,40.28,19.75,34.12,Dogs are sitting by the door.,1835.375244140625,1328569.75,0.0021815814543515444,9.066030543181114e-06,1.7629235148287576
03-01-01-01-02-01-10.wav,neutral,stressed,46.44,19.75,38.43,Dogs are sitting by the door.,1527.1148681640625,1270235.25,0.011863580904901028,0.00019337967387400568,2.67589851654876
03-01-01-01-02-01-11.wav,neutral,stressed,42.12,19.75,35.41,Dogs are sitting by the door.,1325.4659423828125,1703755.625,0.002196897752583027,8.060040272539482e-06,2.4974635136189804
03-01-01-01-02-01-15.wav,neutral,stressed,43.34,19.75,36.26,Dogs are sitting by the door.,984.7821655273438,693706.1875,0.004474529530853033,3.392252619960345e-05,2.618753182512548
03-01-01-01-02-01-20.wav,neutral,stressed,40.13,19.75,34.02,Dogs are sitting by the door.,1787.366943359375,1320819.125,0.0019168197177350521,6.5879135036084335e-06,1.7458037061957847
03-01-01-01-02-02-02.wav,neutral,stressed,44.6,19.75,37.14,Dogs are sitting by the door.,1728.6298828125,1271781.5,0.004915847908705473,4.7228542825905606e-05,3.0524818758888617
03-01-01-01-02-02-03.wav,neutral,stressed,43.29,19.75,36.23,Dogs are sitting by the door.,1606.13232421875,1201123.875,0.004527929238975048,4.493522646953352e-05,2.593519802604326
03-01-01-01-02-02-05.wav,neutral,stressed,44.03,19.75,36.75,Dogs are sitting by the door.,1074.1861572265625,1045512.1875,0.0017732365522533655,5.383258667279733e-06,3.3299802282423947
03-01-01-01-02-02-07.wav,neutral,stressed,45.3,19.75,37.64,Dogs are sitting by the door.,1560.902099609375,1350016.5,0.0025170042645186186,9.128542842518073e-06,4.281437626478016
03-01-01-01-02-02-09.wav,neutral,stressed,42.39,19.75,35.6,Dogs are sitting by the door.,1639.57470703125,1460142.25,0.0010951696895062923,2.0873396806564415e-06,2.7806743135210286
03-01-01-01-02-02-12.wav,neutral,stressed,41.71,19.75,35.13,Dogs are sitting by the door.,1536.777099609375,1157042.25,0.00303687178529799,1.2479855286073871e-05,2.1996150673632116
03-01-01-01-02-02-20.wav,neutral,stressed,41.5,19.75,34.98,Dogs are sitting by the door.,1928.0611572265625,1313796.125,0.0021116449497640133,7.747609743091743e-06,2.2618837250397594
03-01-01-01-02-02-22.wav,neutral,stressed,45.91,19.75,38.07,Dogs are sitting by the door.,1732.099609375,1332941.625,0.0025475926231592894,1.0212527740804944e-05,3.958296518819579
03-01-01-01-02-02-24.wav,neutral,stressed,46.14,19.75,38.22,Dogs are sitting by the door.,1866.6307373046875,1273398.75,0.0035570741165429354,2.3454753318219446e-05,3.8849769329494603
03-01-02-01-01-01-02.wav,calm,stressed,44.18,20.81,37.17,Kids are talking by the door.,1742.309326171875,1386464.875,0.0033986184280365705,2.0246230633347295e-05,3.127290495968727
03-01-02-01-01-01-03.wav,calm,stressed,44.6,20.81,37.47,Kids are talking by the door.,1550.8319091796875,1168462.125,0.0028372122906148434,1.1086669474025257e-05,3.387898037299454
03-01-02-01-01-01-04.wav,calm,stressed,43.36,20.81,36.6,Kids are talking by the door.,1883.9254150390625,1303009.375,0.0028358139097690582,1.2159657671872992e-05,2.8918354939945123
03-01-02-01-01-01-06.wav,calm,stressed,42.77,20.81,36.18,Kids are talking by the door.,1902.7913818359375,1293166.375,0.0008373151649720967,1.203589476972411e-06,2.9722282423604445
03-01-02-01-01-01-10.wav,calm,stressed,45.7,20.81,38.23,Kids are talking by the door.,2016.9549560546875,1380433.75,0.00825444608926773,8.667525980854407e-05,5.041663749037182
03-01-02-01-01-01-22.wav,calm,stressed,45.05,20.81,37.78,Kids are talking by the door.,1722.8570556640625,1343150.875,0.0016221303958445787,4.152176643401617e-06,4.241031984449549
03-01-02-01-01-02-03.wav,calm,stressed,45.59,20.81,38.15,Kids are talking by the door.,1620.3955078125,1162529.75,0.0030537862330675125,1.3410571227723267e-05,3.746257923168264
03-01-02-01-01-02-04.wav,calm,stressed,43.58,20.81,36.75,Kids are talking by the door.,1799.3812255859375,1180751.75,0.0030491508077830076,1.2468207387428265e-05,2.943488368203636
03-01-02-01-01-02-08.wav,calm,stressed,43.9,22.25,37.41,Kids are talking about a door.,1295.4208984375,1237788.625,0.0016399371670559049,3.9668293538852595e-06,4.701129372876688
03-01-02-01-01-02-10.wav,calm,stressed,47.77,20.81,39.68,Kids are talking by the door.,1799.76171875,1374516.5,0.0076499818824231625,8.95592020242475e-05,3.8849769329494603
03-01-02-01-01-02-13.wav,calm,stressed,42.83,20.81,36.22,Kids are talking by the door.,1099.6888427734375,979590.9375,0.0018264390528202057,6.168327672639862e-06,2.8392286762096295
03-01-02-01-01-02-15.wav,calm,stressed,44.6,20.81,37.47,Kids are talking by the door.,1426.7449951171875,1200716.625,0.003005426377058029,1.5517391148023307e-05,3.361109166024788
03-01-02-01-01-02-20.wav,calm,stressed,43.01,20.81,36.35,Kids are talking by the door.,1984.9422607421875,1279778.375,0.0007578353979624808,9.662509228292038e-07,3.0810167355227223
03-01-02-01-01-02-21.wav,calm,stressed,46.82,20.81,39.02,Kids are talking by the door.,1514.7032470703125,1271709.625,0.004580050241202116,3.453665704000741e-05,3.9960039960039966
03-01-02-01-01-02-23.wav,calm,stressed,44.0,20.81,37.04,Kids are talking by the door.,1700.335693359375,1276658.0,0.0025299524422734976,1.2461483493098058e-05,3.1935147085917825
03-01-02-01-02-01-05.wav,calm,stressed,45.1,19.75,37.5,Dogs are sitting by the door.,1096.5406494140625,1032322.4375,0.0010763265891000628,1.6886230014279136e-06,3.8670694864048336
03-01-02-01-02-01-08.wav,calm,stressed,41.56,19.75,35.02,Dogs are sitting by the door.,929.5728149414062,737647.0625,0.0019986415281891823,6.127268079580972e-06,2.3053924570440545
03-01-02-01-02-01-10.wav,calm,stressed,45.34,20.43,37.87,The hogs are sitting by the door.,2079.657470703125,1467094.5,0.010389612056314945,0.00015120612806640565,2.474566950783613
03-01-02-01-02-01-14.wav,calm,stressed,41.58,23.77,36.23,Talks are sitting by the door.,1971.473388671875,1324866.5,0.0017465308774262667,5.631120075122453e-06,2.350564686438344
03-01-02-01-02-01-15.wav,calm,stressed,43.81,19.75,36.6,Dogs are sitting by the door.,1745.7904052734375,1301516.125,0.003634152701124549,1.188737678603502e-05,2.943488368203636
03-01-02-01-02-01-18.wav,calm,stressed,43.88,19.75,36.64,Dogs are sitting by the door.,1928.558837890625,1298522.25,0.0032911282032728195,1.4693137018184643e-05,3.024470717624416
03-01-02-01-02-01-20.wav,calm,stressed,44.75,19.75,37.25,Dogs are sitting by the door.,1906.4443359375,1302838.625,0.0005863242549821734,5.20304865858634e-07,4.195777998389121
03-01-02-01-02-01-21.wav,calm,stressed,44.64,19.75,37.17,Dogs are sitting by the door.,1072.331298828125,1068853.125,0.004383148159831762,3.333500353619456e-05,3.154729629812195
03-01-02-01-02-01-23.wav,calm,stressed,41.29,19.75,34.83,Dogs are sitting by the door.,1695.1343994140625,1218905.0,0.003747218055650592,3.214138268958777e-05,1.9180627566158182
03-01-02-01-02-02-02.wav,calm,stressed,45.27,19.75,37.61,Dogs are sitting by the door.,1812.942138671875,1205245.125,0.003632985521107912,2.161878001061268e-05,3.5258932787659374
03-01-02-01-02-02-08.wav,calm,stressed,42.19,19.75,35.46,Dogs are sitting by the door.,1075.982177734375,830597.4375,0.0017674294067546725,4.288814125175122e-06,2.5935665141745616
03-01-02-01-02-02-10.wav,calm,stressed,46.86,19.75,38.73,Dogs are sitting by the door.,1965.1705322265625,1511609.75,0.011092047207057476,0.00018207801622338593,2.969962875464057
03-01-02-01-02-02-21.wav,calm,stressed,44.06,19.75,36.77,Dogs are sitting by the door.,1075.667724609375,786398.6875,0.00423081312328577,2.959672019642312e-05,2.9478597310077994
03-01-02-01-02-02-22.wav,calm,stressed,45.2,19.75,37.56,Dogs are sitting by the door.,1605.26318359375,1172173.125,0.0019973767921328545,8.519843504473101e-06,4.241031984449549
03-01-02-01-02-02-24.wav,calm,stressed,44.07,19.75,36.77,Dogs are sitting by the door.,1867.1513671875,1237393.75,0.002415740629658103,9.074160516320262e-06,3.240014175062016
03-01-02-02-01-01-02.wav,calm,stressed,45.25,20.81,37.92,Kids are talking by the door.,1905.5577392578125,1316476.625,0.002818034030497074,1.5252448974933941e-05,4.350453172205438
03-01-02-02-01-01-03.wav,calm,stressed,45.71,20.81,38.24,Kids are talking by the door.,1570.30615234375,968099.3125,0.004646484740078449,2.9324775823624805e-05,4.458342363540667
03-01-02-02-01-01-05.wav,calm,stressed,41.23,20.81,35.1,Kids are talking by the door.,1327.3140869140625,1025221.8125,0.001055541797541082,1.3344828175831935e-06,2.321624081573428
03-01-02-02-01-01-06.wav,calm,stressed,44.28,20.81,37.24,Kids are talking by the door.,1802.4945068359375,1224237.375,0.0009980282047763467,1.8586395071906736e-06,3.552003552003552
03-01-02-02-01-01-09.wav,calm,stressed,44.2,20.81,37.19,Kids are talking by the door.,1741.8916015625,1428239.375,0.000531527737621218,3.820900644768699e-07,3.5963811414763893
03-01-02-02-01-01-10.wav,calm,stressed,46.36,20.81,38.69,Kids are talking by the door.,1657.4908447265625,1254159.5,0.00832588691264391,9.707609569886699e-05,3.211078219858512
03-01-02-02-01-01-12.wav,calm,stressed,42.96,20.81,36.32,Kids are talking by the door.,1860.9952392578125,1294047.0,0.0025898111052811146,9.549919013807084e-06,2.7703447190303794
03-01-02-02-01-01-15.wav,calm,stressed,43.8,20.81,36.9,Kids are talking by the door.,1257.446533203125,990762.875,0.003269635373726487,1.7129619664046913e-05,2.9969689745598203
03-01-02-02-01-01-16.wav,calm,stressed,45.32,20.81,37.97,Kids are talking by the door.,1829.490234375,1305919.0,0.0031877716537564993,1.7411544831702486e-05,3.6170453260992423
03-01-02-02-01-02-05.wav,calm,stressed,42.42,20.81,35.94,Kids are talking by the door.,1233.95703125,1181332.75,0.0005178432329557836,7.840948228476918e-07,2.8860028860028857
03-01-02-02-01-02-20.wav,calm,stressed,45.02,20.81,37.76,Kids are talking by the door.,1911.0345458984375,1360365.25,0.0004956068005412817,3.5558588251660694e-07,3.9304796413437324
03-01-02-02-02-01-04.wav,calm,stressed,44.45,19.75,37.04,Dogs are sitting by the door.,1731.3916015625,1223543.0,0.0032128968741744757,1.3073238733340986e-05,4.732094444718292
03-01-02-02-02-01-06.wav,calm,stressed,44.26,19.75,36.91,Dogs are sitting by the door.,1805.80419921875,1243361.0,0.0015378572279587388,3.583070338208927e-06,3.4580637724594037
03-01-02-02-02-01-13.wav,calm,stressed,41.64,19.75,35.08,Dogs are sitting by the door.,895.7850341796875,710772.5,0.0020397515036165714,9.739947017806116e-06,2.331002331002331
03-01-02-02-02-01-16.wav,calm,stressed,44.7,19.75,37.22,Dogs are sitting by the door.,1780.7108154296875,1286311.5,0.0028950751293450594,1.3683198631042615e-05,3.417623765629878
03-01-02-02-02-01-20.wav,calm,stressed,39.35,19.75,33.47,Dogs are sitting by the door.,1881.7066650390625,1329939.25,0.0005759901832789183,4.921365643895115e-07,1.6497113005224087
03-01-02-02-02-01-22.wav,calm,stressed,45.38,19.75,37.69,Dogs are sitting by the door.,1631.2557373046875,1115736.875,0.001727359020151198,4.584514954331098e-06,4.124278251306022
03-01-02-02-02-02-01.wav,calm,stressed,44.6,19.75,37.15,Dogs are sitting by the door.,1890.3275146484375,1262576.125,0.0021466463804244995,6.843506071163574e-06,3.4965034965034967
03-01-02-02-02-02-06.wav,calm,stressed,42.77,19.75,35.87,Dogs are sitting by the door.,1536.916015625,1204964.0,0.0010863397037610412,1.457017447137332e-06,2.934126246021246
03-01-02-02-02-02-10.wav,calm,stressed,44.66,19.75,37.19,Dogs are sitting by the door.,1053.2977294921875,1138688.75,0.00623374292626977,4.9804475565906614e-05,2.8666829546379997
03-01-02-02-02-02-12.wav,calm,stressed,42.09,19.75,35.39,Dogs are sitting by the door.,1642.4473876953125,1215782.0,0.00294019328430295,1.155110658146441e-05,2.366047222359146
03-01-02-02-02-02-17.wav,calm,stressed,43.37,19.75,36.29,Dogs are sitting by the door.,1226.4871826171875,1529699.875,0.0032556885853409767,1.7888347429106943e-05,2.8273546562996996
03-01-02-02-02-02-19.wav,calm,stressed,41.76,19.75,35.16,Dogs are sitting by the door.,1409.1685791015625,1694307.625,0.002387260552495718,6.559630037372699e-06,2.323251390320754
03-01-02-02-02-02-21.wav,calm,stressed,46.0,19.75,38.12,Dogs are sitting by the door.,1658.2159423828125,1251145.875,0.004252905957400799,2.5966224711737595e-05,4.281441838501495
03-01-03-01-01-01-03.wav,happy,stressed,44.31,20.81,37.26,Kids are talking by the door.,1557.6551513671875,1037365.875,0.008088582195341587,9.967491496354342e-05,5.569645432393456
03-01-03-01-01-01-12.wav,happy,stressed,47.43,20.81,39.45,Kids are talking by the door.,1771.1641845703125,1207210.75,0.006394247990101576,5.846859494340606e-05,4.049949375632805
03-01-03-01-01-01-14.wav,happy,stressed,47.07,20.81,39.19,Kids are talking by the door.,1926.8184814453125,1330025.875,0.010551081039011478,0.00017589089111424983,4.859939250759366
03-01-03-01-01-01-16.wav,happy,stressed,46.64,20.81,38.89,Kids are talking by the door.,1821.87841796875,1260235.0,0.007151124067604542,8.621192682767287e-05,3.5099561255484306
03-01-03-01-01-01-18.wav,happy,stressed,46.17,20.81,38.56,Kids are talking by the door.,1909.3858642578125,1243963.625,0.005891867913305759,5.865526327397674e-05,3.5258470296575153
03-01-03-01-01-01-24.wav,happy,stressed,45.41,20.81,38.03,Kids are talking by the door.,1889.6656494140625,1250510.625,0.0034691733308136463,2.2064976292313077e-05,3.6074785805959277
03-01-03-01-01-02-04.wav,happy,stressed,47.65,20.81,39.6,Kids are talking by the door.,1923.5189208984375,1212617.75,0.006883571390062571,8.30758799565956e-05,3.958296518819579
03-01-03-01-01-02-07.wav,happy,stressed,45.08,20.81,37.8,Kids are talking by the door.,1552.525634765625,1110043.625,0.0035920855589210987,1.8750242816167884e-05,3.458088685566082
03-01-03-01-01-02-08.wav,happy,stressed,43.45,20.81,36.66,Kids are talking by the door.,1607.9178466796875,1393975.875,0.003857209114357829,2.361145925533492e-05,5.237506365025096
03-01-03-01-01-02-13.wav,happy,stressed,45.74,20.81,38.26,Kids are talking by the door.,1244.61669921875,1026964.625,0.003444257890805602,2.0913867047056556e-05,3.746195270428471
03-01-03-01-01-02-15.wav,happy,stressed,46.57,20.81,38.85,Kids are talking by the door.,1141.966552734375,755770.5625,0.006459412164986134,7.892137364251539e-05,3.5963811414763893
03-01-03-01-01-02-18.wav,happy,stressed,45.89,20.81,38.36,Kids are talking by the door.,1933.96630859375,1221598.0,0.004965625237673521,4.153943882556632e-05,3.5607648226108566
03-01-03-01-01-02-22.wav,happy,stressed,45.62,20.81,38.18,Kids are talking by the door.,1822.593505859375,1194550.375,0.0038221189752221107,2.4164224669220857e-05,4.3645092654894615
03-01-03-01-02-01-02.wav,happy,stressed,44.39,19.75,37.0,Dogs are sitting by the door.,1807.206298828125,1189000.5,0.006890930701047182,9.851635695667937e-05,2.6522121106635503
03-01-03-01-02-01-03.wav,happy,stressed,46.94,19.75,38.78,Dogs are sitting by the door.,1781.9661865234375,1227450.0,0.010165871120989323,0.00016009443788789213,4.852290566576281
03-01-03-01-02-01-04.wav,happy,stressed,44.27,19.75,36.92,Dogs are sitting by the door.,1809.2938232421875,1253455.75,0.005336371716111898,4.314464968047105e-05,2.854288568574283
03-01-03-01-02-01-09.wav,happy,stressed,43.39,19.75,36.3,Dogs are sitting by the door.,1562.1693115234375,1306271.125,0.0020472551696002483,6.5633648773655295e-06,3.0272642990937126
03-01-03-01-02-01-13.wav,happy,stressed,41.13,19.75,34.72,Dogs are sitting by the door.,1188.1802978515625,1008952.25,0.0033733025193214417,2.305827001691796e-05,1.912960306073649
03-01-03-01-02-01-14.wav,happy,stressed,41.9,22.13,35.97,Docs are sitting by the door.,1990.6497802734375,1287444.5,0.006225328426808119,8.202042954508215e-05,1.7629235148287576
03-01-03-01-02-01-15.wav,happy,stressed,42.31,19.75,35.55,Dogs are sitting by the door.,1511.9820556640625,985344.125,0.005172278732061386,4.521892697084695e-05,2.0978889991945606
03-01-03-01-02-01-22.wav,happy,stressed,44.5,19.75,37.07,Dogs are sitting by the door.,1618.2872314453125,1245374.375,0.004118511453270912,2.681322075659409e-05,3.1397174254317113
03-01-03-01-02-01-24.wav,happy,stressed,40.65,19.75,34.38,Dogs are sitting by the door.,1845.5029296875,1213289.0,0.0034277457743883133,1.952175261976663e-05,1.7125731411445697
03-01-03-01-02-02-01.wav,happy,stressed,43.27,19.75,36.22,Dogs are sitting by the door.,1649.1143798828125,1381864.75,0.0038037465419620275,2.112829315592535e-05,2.6999662504218698
03-01-03-01-02-02-03.wav,happy,stressed,47.04,19.75,38.85,Dogs are sitting by the door.,1479.1287841796875,1055814.125,0.006860232912003994,7.888979598646984e-05,4.281432852861425
03-01-03-01-02-02-04.wav,happy,stressed,45.84,19.75,38.01,Dogs are sitting by the door.,1784.6900634765625,1226751.375,0.007092279382050037,8.104735752567649e-05,3.200640128025605
03-01-03-01-02-02-11.wav,happy,stressed,43.64,19.75,36.47,Dogs are sitting by the door.,732.989501953125,651119.4375,0.004217027686536312,3.38284662575461e-05,2.7806743135210286
03-01-03-01-02-02-13.wav,happy,stressed,46.67,19.75,38.59,Dogs are sitting by the door.,1283.0513916015625,1174823.125,0.0045370375737547874,3.5866123653249815e-05,4.058378209630844
03-01-03-01-02-02-14.wav,happy,stressed,45.7,19.75,37.92,Dogs are sitting by the door.,1898.831787109375,1253625.375,0.006937958300113678,8.164277096511796e-05,3.169914628435575
03-01-03-01-02-02-18.wav,happy,stressed,46.06,26.02,40.05,The talks are sitting by the door.,1934.81494140625,1264520.125,0.004462225362658501,2.827130265359301e-05,3.710575139146568
03-01-03-01-02-02-24.wav,happy,stressed,43.23,19.75,36.19,Dogs are sitting by the door.,1946.6475830078125,1274312.25,0.0055252499878406525,6.222275260370225e-05,2.408308664893884
03-01-03-02-01-01-05.wav,happy,stressed,46.27,20.81,38.63,Kids are talking by the door.,1341.2349853515625,1183207.5,0.0038603227585554123,1.8640021153260022e-05,4.1087613293051355
03-01-03-02-01-01-07.wav,happy,stressed,50.69,20.81,41.73,Kids are talking by the door.,1538.29345703125,854992.1875,0.016393186524510384,0.0002796032640617341,3.6548594401973626
03-01-03-02-01-01-11.wav,happy,stressed,48.31,20.81,40.06,Kids are talking by the door.,1238.099609375,1055698.0,0.01625479944050312,0.00042753314482979476,2.724542555497074
03-01-03-02-01-01-15.wav,happy,stressed,49.14,20.81,40.64,Kids are talking by the door.,1627.5670166015625,1311022.125,0.014335294254124165,0.00028835207922384143,3.361109166024788
03-01-03-02-01-01-21.wav,happy,stressed,51.36,20.81,42.2,Kids are talking by the door.,1719.8338623046875,1177264.25,0.019548118114471436,0.0005570086650550365,3.417623765629878
03-01-03-02-01-02-06.wav,happy,stressed,53.9,22.67,44.53,Kids are talking by the door!,2007.1949462890625,1154608.0,0.026065660640597343,0.0009864005260169506,4.610784914088109
03-01-03-02-01-02-07.wav,happy,stressed,50.69,20.81,41.73,Kids are talking by the door.,1951.296630859375,1221688.625,0.01864110305905342,0.0004528826102614403,4.706028050404037
03-01-03-02-01-02-09.wav,happy,stressed,45.27,20.81,37.93,Kids are talking by the door.,1358.01123046875,892361.3125,0.016124773770570755,0.00039193773409351707,6.473461803578386
03-01-03-02-01-02-10.wav,happy,energetic,60.73,22.67,49.31,Kids are talking by the door!,1890.23193359375,1285778.75,0.05678838491439819,0.005198919679969549,5.708577137148566
03-01-03-02-01-02-16.wav,happy,stressed,53.06,20.81,43.38,Kids are talking by the door.,1876.4478759765625,1292038.625,0.020638717338442802,0.0008599144639447331,3.9212940270289196
03-01-03-02-01-02-19.wav,happy,stressed,47.37,22.67,39.96,Kids are talking by the door!,1684.5838623046875,1092206.0,0.009553320705890656,0.00011882530816365033,3.417623765629878
03-01-03-02-01-02-22.wav,happy,stressed,48.9,20.81,40.47,Kids are talking by the door.,1692.650390625,1178860.0,0.014072480611503124,0.0002835610357578844,4.690935743953091
03-01-03-02-02-01-04.wav,happy,stressed,48.98,19.75,40.21,Dogs are sitting by the door.,1927.2943115234375,1210022.375,0.015859903767704964,0.00048004320706240833,3.0524818758888617
03-01-03-02-02-01-06.wav,happy,stressed,55.31,21.56,45.19,Dogs are sitting by the door!,2060.962158203125,1121934.125,0.02626901865005493,0.0009743887349031866,3.9212940270289196
03-01-03-02-02-01-10.wav,happy,energetic,64.3,31.7,54.52,To hope you're sitting by the door!,1940.78564453125,1308807.0,0.0736493319272995,0.009671630337834358,4.281437626478016
03-01-03-02-02-01-12.wav,happy,stressed,48.14,19.75,39.63,Dogs are sitting by the door.,1744.3658447265625,1209240.25,0.012040109373629093,0.0002493512583896518,3.329971343035077
03-01-03-02-02-01-18.wav,happy,stressed,54.9,22.69,45.23,Does her sitting by the door?,2009.4320068359375,1160829.5,0.02626030519604683,0.0011657135328277946,4.243539377061681
03-01-03-02-02-02-01.wav,happy,stressed,48.95,19.75,40.19,Dogs are sitting by the door.,1776.6942138671875,1325589.0,0.010275037959218025,0.000155085333972238,4.063685572328841
03-01-03-02-02-02-03.wav,happy,stressed,53.13,19.75,43.12,Dogs are sitting by the door.,1460.677978515625,906308.5625,0.024639753624796867,0.0008174944086931646,4.690935743953091
03-01-03-02-02-02-05.wav,happy,stressed,46.4,19.75,38.41,Dogs are sitting by the door.,1187.2208251953125,1103453.25,0.008307176642119884,0.00010438011668156832,3.2320264438527224
03-01-03-02-02-02-10.wav,happy,energetic,63.04,21.56,50.59,Dogs are sitting by the door!,1875.2054443359375,1346905.75,0.06296934187412262,0.006851058453321457,4.785065558546221
03-01-03-02-02-02-13.wav,happy,stressed,46.02,19.75,38.14,Dogs are sitting by the door.,1081.156494140625,775694.75,0.012564090080559254,0.00027692210278473794,2.3975874276509264
03-01-03-02-02-02-17.wav,happy,stressed,48.84,19.75,40.12,Dogs are sitting by the door.,1573.0677490234375,1304873.5,0.018179189413785934,0.000568339426536113,2.6289413581768293
03-01-03-02-02-02-21.wav,happy,stressed,51.92,19.75,42.27,Dogs are sitting by the door.,1620.914794921875,1202356.25,0.02257651463150978,0.0007848991663195193,3.154729629812195
03-01-03-02-02-02-24.wav,happy,stressed,48.86,19.75,40.13,Dogs are sitting by the door.,1917.774169921875,1242600.0,0.0184951052069664,0.0005230352398939431,2.583603804356602
03-01-04-01-01-01-01.wav,sad,stressed,43.06,20.81,36.39,Kids are talking by the door.,1862.2691650390625,1287378.0,0.0022441879846155643,8.860727575665805e-06,2.8666829546379997
03-01-04-01-01-01-03.wav,sad,stressed,45.69,20.81,38.23,Kids are talking by the door.,1652.927001953125,1196232.75,0.0024530126247555017,9.635464266466442e-06,3.8849769329494603
03-01-04-01-01-01-05.wav,sad,stressed,41.54,20.81,35.32,Kids are talking by the door.,894.371826171875,809554.0625,0.0007511239964514971,8.417422350248671e-07,5.5046923679733935
03-01-04-01-01-01-08.wav,sad,stressed,42.77,22.46,36.68,Kids are talking about the door.,1290.2767333984375,1141137.5,0.0015872683143243194,4.361118044471368e-06,2.8542546232978534
03-01-04-01-01-01-09.wav,sad,stressed,39.86,22.46,34.64,Kids are talking about the door.,1380.1588134765625,1338690.125,0.0003656810149550438,2.848761369023123e-07,6.11632485330377
03-01-04-01-01-01-13.wav,sad,stressed,44.93,20.81,37.7,Kids are talking by the door.,1244.3861083984375,1238126.625,0.0020777720492333174,6.47887554805493e-06,3.641201596526854
03-01-04-01-01-01-17.wav,sad,stressed,46.74,20.81,38.96,Kids are talking by the door.,1282.8531494140625,912011.9375,0.0055122957564890385,6.314329948509112e-05,3.8143241494397713
03-01-04-01-01-01-20.wav,sad,stressed,45.04,20.81,37.77,Kids are talking by the door.,2023.9820556640625,1287675.75,0.0008228553924709558,9.166197969534551e-07,3.8849769329494603
03-01-04-01-01-02-03.wav,sad,stressed,43.7,20.81,36.83,Kids are talking by the door.,1698.14501953125,1220170.0,0.0024943090975284576,6.82667769069667e-06,3.0810167355227223
03-01-04-01-01-02-04.wav,sad,stressed,46.81,20.81,39.01,Kids are talking by the door.,1813.293212890625,1198485.25,0.007491461466997862,9.975733701139688e-05,3.5258470296575153
03-01-04-01-01-02-07.wav,sad,stressed,45.41,20.81,38.03,Kids are talking by the door.,1327.0562744140625,1017972.25,0.0017543324502184987,5.399598649091786e-06,3.8849769329494603
03-01-04-01-01-02-08.wav,sad,stressed,43.95,22.46,37.51,Kids are talking about the door.,1224.126220703125,1186668.25,0.0014505706494674087,3.4366898944426794e-06,4.650486847841884
03-01-04-01-01-02-14.wav,sad,stressed,42.18,20.81,35.77,Kids are talking by the door.,1822.0921630859375,1293007.75,0.002339642960578203,8.06333810032811e-06,2.497485171181796
03-01-04-01-01-02-16.wav,sad,stressed,43.81,20.81,36.91,Kids are talking by the door.,1576.8389892578125,1250312.375,0.0029545086435973644,1.4021285096532665e-05,4.949133901567226
03-01-04-01-01-02-20.wav,sad,stressed,45.15,26.35,39.51,It's a talking by the door.,1922.401611328125,1348307.625,0.0004039701889269054,3.0999515843177505e-07,3.996003996003996
03-01-04-01-01-02-23.wav,sad,stressed,40.77,20.81,34.78,Kids are talking by the door.,1889.44287109375,1299005.5,0.0031325346790254116,1.6664000213495456e-05,1.8085226630496212
03-01-04-01-02-01-08.wav,sad,stressed,45.4,19.75,37.7,Dogs are sitting by the door.,1041.9942626953125,860489.375,0.001479615573771298,3.5642146940517705e-06,3.9212940270289196
03-01-04-01-02-01-23.wav,sad,stressed,42.93,19.75,35.97,Dogs are sitting by the door.,1516.7308349609375,1275431.5,0.004059200175106525,2.8456082873162813e-05,2.520831874518591
03-01-04-01-02-01-24.wav,sad,stressed,42.44,19.75,35.63,Dogs are sitting by the door.,1850.756591796875,1273663.875,0.0026966433506458998,1.8779028323478997e-05,2.5446191906697293
03-01-04-01-02-02-03.wav,sad,stressed,42.24,19.75,35.5,Dogs are sitting by the door.,1197.472900390625,785667.1875,0.003966490738093853,1.848455758590717e-05,2.2618837250397594
03-01-04-01-02-02-04.wav,sad,stressed,46.97,19.75,38.8,Dogs are sitting by the door.,1883.9154052734375,1297075.375,0.0069348737597465515,8.953989890869707e-05,4.322610856957603
03-01-04-01-02-02-06.wav,sad,stressed,41.44,19.75,34.94,Dogs are sitting by the door.,1781.0174560546875,1263147.25,0.0015592972049489617,3.4956985928147333e-06,2.327738274927713
03-01-04-01-02-02-12.wav,sad,stressed,44.45,19.75,37.04,Dogs are sitting by the door.,1576.8575439453125,1081448.25,0.00437786802649498,2.915992445196025e-05,3.0810167355227223
03-01-04-01-02-02-13.wav,sad,stressed,41.74,19.75,35.14,Dogs are sitting by the door.,1436.986572265625,1301393.875,0.002008944284170866,7.999980880413204e-06,2.3738432150739044
03-01-04-01-02-02-15.wav,sad,stressed,45.53,19.75,37.8,Dogs are sitting by the door.,1444.39013671875,993629.8125,0.004145678598433733,2.5818222638918087e-05,4.450956028263571
03-01-04-01-02-02-20.wav,sad,stressed,43.39,28.55,38.94,I'm just sitting by the door.,2000.7896728515625,1338257.625,0.0005816634511575103,5.390417072703713e-07,3.2640344207266185
03-01-04-01-02-02-22.wav,sad,stressed,46.53,19.75,38.5,Dogs are sitting by the door.,1842.919921875,1284388.375,0.004138048738241196,2.6927742510451935e-05,4.049949375632805
03-01-04-02-01-01-01.wav,sad,stressed,42.78,20.81,36.19,Kids are talking by the door.,1848.056640625,1326385.5,0.003009462496265769,1.3195225619710982e-05,2.6289413581768293
03-01-04-02-01-01-02.wav,sad,stressed,42.73,20.59,36.09,Kids are talking by the tour.,1811.053466796875,1245496.0,0.002767180325463414,2.0076158762094565e-05,5.35170752918353
03-01-04-02-01-01-05.wav,sad,stressed,42.78,20.81,36.19,Kids are talking by the door.,1212.6014404296875,1157535.0,0.0012483488535508513,2.4432774807792157e-06,5.089238381339459
03-01-04-02-01-01-09.wav,sad,stressed,42.09,29.46,38.3,I can't do talking by the door.,1435.848876953125,1131307.125,0.0010661596897989511,1.3613689588964917e-06,5.333587313681604
03-01-04-02-01-01-10.wav,sad,stressed,48.83,20.81,40.42,Kids are talking by the door.,1710.352783203125,1366683.25,0.013115364126861095,0.0002568761701695621,4.566861709718853
03-01-04-02-01-01-12.wav,sad,stressed,47.1,20.81,39.21,Kids are talking by the door.,1732.21240234375,1316385.25,0.014093324542045593,0.000322661770042032,2.583603804356602
03-01-04-02-01-01-22.wav,sad,stressed,45.87,20.81,38.35,Kids are talking by the door.,1786.02685546875,1259502.75,0.0037711188197135925,2.078483703371603e-05,3.746257923168264
03-01-04-02-01-02-07.wav,sad,stressed,45.04,20.81,37.77,Kids are talking by the door.,1834.8878173828125,1325972.875,0.004417953081429005,2.453167508065235e-05,4.690935743953091
03-01-04-02-01-02-13.wav,sad,stressed,45.08,20.81,37.8,Kids are talking by the door.,1431.855224609375,1334700.25,0.0024948185309767723,1.0294488674844615e-05,3.632717158912455
03-01-04-02-01-02-14.wav,sad,stressed,44.7,20.81,37.53,Kids are talking by the door.,1876.4058837890625,1278501.375,0.0021087557543069124,7.520416147599462e-06,3.5418724244797875
03-01-04-02-01-02-16.wav,sad,stressed,43.29,20.81,36.55,Kids are talking by the door.,1886.1126708984375,1363900.625,0.003587177488952875,1.9683458958752453e-05,5.257882716353659
03-01-04-02-01-02-17.wav,sad,stressed,45.46,20.81,38.06,Kids are talking by the door.,1427.3551025390625,1089802.25,0.009268858470022678,0.00020766029774677008,2.6999662504218698
03-01-04-02-01-02-18.wav,sad,stressed,49.58,24.4,42.03,Kidder talking by the door!,1959.14111328125,1192683.5,0.017404433339834213,0.0005152018275111914,4.951543285283818
03-01-04-02-01-02-19.wav,sad,stressed,44.51,20.81,37.4,Kids are talking by the door.,1404.375,1256207.25,0.003524557687342167,1.5367941159638576e-05,3.239959500506244
03-01-04-02-01-02-21.wav,sad,stressed,49.61,20.81,40.97,Kids are talking by the door.,1552.843994140625,1187665.0,0.013107589446008205,0.00025162557722069323,3.7462500914611843
03-01-04-02-02-01-01.wav,sad,stressed,45.74,19.75,37.94,Dogs are sitting by the door.,1880.0238037109375,1305233.625,0.00510843750089407,4.382945189718157e-05,3.4786098939692947
03-01-04-02-02-01-02.wav,sad,stressed,41.89,19.75,35.25,Dogs are sitting by the door.,1840.3544921875,1273652.25,0.003729606978595257,2.9638455089298077e-05,2.160009450041344
03-01-04-02-02-01-04.wav,sad,stressed,56.83,21.56,46.25,Dogs are sitting by the door!,1908.1495361328125,1215806.25,0.031364332884550095,0.0015363349812105298,3.7130969549289707
03-01-04-02-02-01-07.wav,sad,stressed,44.61,19.75,37.16,Dogs are sitting by the door.,1136.8411865234375,934206.3125,0.006687852554023266,7.315277616726235e-05,5.224085784987627
03-01-04-02-02-01-08.wav,sad,stressed,45.84,19.75,38.02,Dogs are sitting by the door.,1542.8184814453125,1240523.25,0.0032686141785234213,1.6982614397420548e-05,3.8143241494397713
03-01-04-02-02-01-10.wav,sad,stressed,45.91,19.75,38.07,Dogs are sitting by the door.,1346.553466796875,1532942.375,0.005145253147929907,5.049307947047055e-05,3.5418724244797875
03-01-04-02-02-01-12.wav,sad,stressed,48.91,19.75,40.16,Dogs are sitting by the door.,1516.3150634765625,976629.0,0.015054251067340374,0.0003383051371201873,3.154729629812195
03-01-04-02-02-01-15.wav,sad,stressed,45.88,23.93,39.29,Dogs who are sitting by the door.,1601.771484375,1127842.0,0.0059987329877913,7.186348375398666e-05,3.3928255875596394
03-01-04-02-02-01-17.wav,sad,stressed,45.32,19.75,37.65,Dogs are sitting by the door.,1768.2451171875,1244189.5,0.010189034976065159,0.00015927001368254423,2.497485171181796
03-01-04-02-02-01-20.wav,sad,stressed,42.39,19.75,35.6,Dogs are sitting by the door.,1964.326171875,1325613.375,0.002032514661550522,9.778996172826737e-06,2.6289413581768293
03-01-04-02-02-01-22.wav,sad,stressed,44.81,19.38,37.18,Jogs are sitting by the door.,1685.4190673828125,1220363.75,0.004452482797205448,2.96947418974014e-05,3.2110245175101184
03-01-04-02-02-02-01.wav,sad,stressed,44.84,19.75,37.31,Dogs are sitting by the door.,1883.927978515625,1324611.875,0.006202207878232002,5.596238042926416e-05,2.943488368203636
03-01-04-02-02-02-08.wav,sad,stressed,40.82,20.21,34.64,Dogs are sitting in the door.,1580.2271728515625,1244387.75,0.00504884822294116,2.3669574147788808e-05,6.479919001012488
03-01-04-02-02-02-12.wav,sad,stressed,52.32,21.56,43.09,Dogs are sitting by the door!,1775.057373046875,1225088.25,0.02391413412988186,0.0008975419914349914,3.1003245652279223
03-01-04-02-02-02-20.wav,sad,stressed,45.92,21.84,38.7,The dogs are sitting by the door.,1935.123291015625,1248602.875,0.013503286056220531,0.0002775563334580511,5.792538957972611
03-01-04-02-02-02-23.wav,sad,stressed,43.15,19.75,36.13,Dogs are sitting by the door.,1706.0303955078125,1314484.375,0.004535230342298746,3.678337816381827e-05,2.5326808162619217
03-01-05-01-01-01-11.wav,angry,stressed,46.21,20.81,38.59,Kids are talking by the door.,1509.8201904296875,1262450.0,0.008947056718170643,0.00012050853547407314,3.0524818758888617
03-01-05-01-01-01-13.wav,angry,stressed,43.75,20.81,36.87,Kids are talking by the door.,1389.22509765625,1197010.5,0.005504371598362923,5.052189590060152e-05,2.618705559293677
03-01-05-01-01-01-20.wav,angry,stressed,41.13,20.81,35.04,Kids are talking by the door.,1896.3330078125,1312404.875,0.0018158707534894347,7.148957138269907e-06,2.1627466882941335
03-01-05-01-01-01-21.wav,angry,stressed,54.98,20.81,44.73,Kids are talking by the door.,1725.786865234375,1200837.875,0.028792113065719604,0.0014274799032136798,3.3836858006042294
03-01-05-01-01-02-02.wav,angry,stressed,46.49,20.81,38.79,Kids are talking by the door.,1809.5753173828125,1287957.75,0.007675144821405411,0.00011006247950717807,4.631679324319722
03-01-05-01-01-02-07.wav,angry,stressed,55.83,20.81,45.33,Kids are talking by the door.,1647.3587646484375,1203478.875,0.03041517361998558,0.0013592479517683387,4.5332200028332625
03-01-05-01-01-02-08.wav,angry,stressed,48.48,20.81,40.18,Kids are talking by the door.,1528.373291015625,1437144.25,0.00942231621593237,0.00017191391088999808,3.8849769329494603
03-01-05-01-01-02-09.wav,angry,stressed,43.54,20.81,36.72,Kids are talking by the door.,1707.1153564453125,1257828.75,0.0020938371308147907,7.4468102866376285e-06,3.0810167355227223
03-01-05-01-01-02-10.wav,angry,stressed,50.42,20.81,41.54,Kids are talking by the door.,1811.9306640625,1228281.5,0.018213490024209023,0.000461020041257143,4.745254745254746
03-01-05-01-01-02-11.wav,angry,stressed,44.5,20.81,37.39,Kids are talking by the door.,1358.369384765625,1331350.125,0.005740419030189514,5.2439536375459284e-05,2.8816886695603623
03-01-05-01-01-02-13.wav,angry,stressed,44.35,20.81,37.29,Kids are talking by the door.,1254.3895263671875,1112228.25,0.007464987225830555,9.065620542969555e-05,2.5446191906697293
03-01-05-01-01-02-17.wav,angry,stressed,46.32,20.81,38.67,Kids are talking by the door.,1472.865478515625,1273492.5,0.0046838195994496346,5.70432712265756e-05,3.779952750590618
03-01-05-01-01-02-20.wav,angry,stressed,47.22,20.81,39.29,Kids are talking by the door.,1787.0457763671875,1264802.25,0.007125928532332182,0.00010086356633109972,3.746257923168264
03-01-05-01-01-02-21.wav,angry,stressed,52.04,20.81,42.67,Kids are talking by the door.,1652.878662109375,1178627.75,0.026999102905392647,0.0012072091922163963,2.4975024975024978
03-01-05-01-02-01-01.wav,angry,stressed,47.07,19.75,38.88,Dogs are sitting by the door.,1810.68505859375,1312003.25,0.006988246459513903,9.325268911197782e-05,3.710575139146568
03-01-05-01-02-01-02.wav,angry,stressed,45.61,19.75,37.86,Dogs are sitting by the door.,1537.7369384765625,1104666.5,0.00829878356307745,0.00011653728870442137,2.9174333217299053
03-01-05-01-02-01-03.wav,angry,stressed,45.1,19.75,37.49,Dogs are sitting by the door.,1890.17041015625,1328498.5,0.007165744435042143,7.983945397427306e-05,2.8918354939945123
03-01-05-01-02-01-06.wav,angry,stressed,46.09,19.75,38.19,Dogs are sitting by the door.,1916.431640625,1262329.625,0.005962200928479433,5.579418211709708e-05,4.519303670447619
03-01-05-01-02-01-07.wav,angry,stressed,44.28,19.75,36.93,Dogs are sitting by the door.,1591.57080078125,1329755.125,0.004478673916310072,3.504193591652438e-05,2.997002997002997
03-01-05-01-02-01-12.wav,angry,stressed,44.13,19.75,36.82,Dogs are sitting by the door.,1459.3306884765625,1154800.5,0.004422749392688274,3.0310025977087207e-05,2.9434391410509417
03-01-05-01-02-01-13.wav,angry,stressed,47.58,19.75,39.23,Dogs are sitting by the door.,1232.12939453125,1130616.75,0.007161484565585852,8.742135105421767e-05,3.8849769329494603
03-01-05-01-02-01-14.wav,angry,stressed,46.43,19.75,38.43,Dogs are sitting by the door.,1943.754638671875,1303614.25,0.008500811643898487,0.0001336927671218291,3.211078219858512
03-01-05-01-02-01-17.wav,angry,stressed,45.45,19.75,37.74,Dogs are sitting by the door.,1648.9879150390625,1467270.875,0.008776243776082993,0.00016254547517746687,2.774983523535329
03-01-05-01-02-01-19.wav,angry,stressed,46.05,28.04,40.65,The answer is sitting by the door.,1527.5206298828125,1251859.75,0.004924032371491194,9.262384264729917e-05,3.632717158912455
03-01-05-01-02-01-23.wav,angry,stressed,48.03,19.75,39.55,Dogs are sitting by the door.,1730.1783447265625,1220659.375,0.013455579988658428,0.00036339988582767546,3.058162426651885
03-01-05-01-02-02-01.wav,angry,stressed,46.73,19.75,38.64,Dogs are sitting by the door.,1832.294189453125,1318803.25,0.010938920080661774,0.00021542119793593884,2.943488368203636
03-01-05-01-02-02-02.wav,angry,stressed,47.45,19.75,39.14,Dogs are sitting by the door.,1770.285400390625,1238070.75,0.008116409182548523,0.00012685793626587838,3.680517901447561
03-01-05-01-02-02-06.wav,angry,stressed,45.71,19.75,37.92,Dogs are sitting by the door.,1949.671630859375,1280816.0,0.00755907641723752,0.00011808772251242772,3.073819701263148
03-01-05-01-02-02-10.wav,angry,stressed,50.24,19.75,41.1,Dogs are sitting by the door.,1731.7005615234375,1342223.125,0.01544447336345911,0.00029801021446473897,3.6253776435045317
03-01-05-01-02-02-12.wav,angry,stressed,42.35,19.75,35.57,Dogs are sitting by the door.,1629.8831787109375,1209811.875,0.004778556525707245,4.022949360660277e-05,2.175226586102719
03-01-05-01-02-02-14.wav,angry,stressed,47.67,19.75,39.3,Dogs are sitting by the door.,1932.8038330078125,1287618.0,0.00889644306153059,0.00012781305122189224,4.354577910122793
03-01-05-01-02-02-15.wav,angry,stressed,51.24,19.75,41.79,Dogs are sitting by the door.,1446.5418701171875,1249848.0,0.017619697377085686,0.0005689963581971824,3.6755610531896092
03-01-05-01-02-02-16.wav,angry,stressed,51.8,19.75,42.18,Dogs are sitting by the door.,1596.2945556640625,1337144.25,0.01797994039952755,0.0005275594303384423,3.8422746265789347
03-01-05-01-02-02-17.wav,angry,stressed,41.92,19.75,35.27,Dogs are sitting by the door.,1599.30224609375,1601488.0,0.00492744380608201,5.2797466196352616e-05,1.9791482594097896
03-01-05-01-02-02-19.wav,angry,stressed,46.63,19.75,38.57,Dogs are sitting by the door.,1449.412109375,1450888.875,0.009813075885176659,0.0001604758290341124,3.0810167355227223
03-01-05-01-02-02-20.wav,angry,stressed,48.08,19.75,39.58,Dogs are sitting by the door.,1864.319580078125,1191731.125,0.008985782042145729,0.00017674316768534482,4.206306173082927
03-01-05-01-02-02-21.wav,angry,stressed,53.89,19.75,43.65,Dogs are sitting by the door.,1707.6246337890625,1277663.0,0.032937273383140564,0.0017884905682876706,2.285823134434973
03-01-05-02-01-01-04.wav,angry,stressed,58.52,22.67,47.76,Kids are talking by the door!,1906.8218994140625,1233280.875,0.03862606734037399,0.00324836908839643,4.773981799194391
03-01-05-02-01-01-07.wav,angry,stressed,53.7,20.81,43.83,Kids are talking by the door.,1725.1221923828125,1172446.25,0.024495914578437805,0.0010314887622371316,4.439973637656526
03-01-05-02-01-01-08.wav,angry,stressed,53.41,20.81,43.63,Kids are talking by the door.,1574.7449951171875,1288169.625,0.02278980240225792,0.0008835526532493532,4.281441838501495
03-01-05-02-01-01-12.wav,angry,stressed,53.51,26.97,45.55,"Kid, they're talking by the door.",1799.476806640625,1223063.375,0.02394423633813858,0.0014145959867164493,3.5743744844652188
03-01-05-02-01-01-13.wav,angry,energetic,63.42,22.67,51.2,Kids are talking by the door!,1476.596435546875,942627.1875,0.053247492760419846,0.006889527663588524,4.631679324319722
03-01-05-02-01-01-14.wav,angry,stressed,63.19,22.67,51.03,Kids are talking by the door!,1824.4127197265625,1206263.5,0.04974164068698883,0.005170926451683044,4.6828126143264805
03-01-05-02-01-01-21.wav,angry,energetic,64.15,20.81,51.15,Kids are talking by the door.,1913.331787109375,1182927.875,0.06334400922060013,0.00677827000617981,3.660437250668459
03-01-05-02-01-01-24.wav,angry,stressed,56.96,20.81,46.11,Kids are talking by the door.,1771.222412109375,1266041.125,0.03206496685743332,0.0019397627329453826,4.346769235168795
03-01-05-02-01-02-05.wav,angry,stressed,59.69,20.81,48.03,Kids are talking by the door.,1687.373046875,1213749.25,0.03722575306892395,0.002311961492523551,3.9212940270289196
03-01-05-02-01-02-07.wav,angry,stressed,62.98,22.67,50.89,Kids are talking by the door!,1891.50390625,1261610.75,0.04653949663043022,0.004420695826411247,3.7462537462537466
03-01-05-02-01-02-11.wav,angry,energetic,63.19,20.81,50.47,Kids are talking by the door.,1493.860595703125,1116678.625,0.052649177610874176,0.00382612063549459,3.2740437588540847
03-01-05-02-01-02-14.wav,angry,stressed,57.36,22.67,46.95,Kids are talking by the door!,1921.8218994140625,1254016.25,0.03592772036790848,0.002411498920992017,4.804323891502352
03-01-05-02-01-02-17.wav,angry,stressed,62.5,20.81,49.99,Kids are talking by the door.,1941.64501953125,1344879.875,0.04701477289199829,0.004507917445152998,3.478668071513388
03-01-05-02-01-02-23.wav,angry,stressed,56.33,20.81,45.67,Kids are talking by the door.,1575.4647216796875,1188516.5,0.03833969682455063,0.0032587943132966757,2.3975874276509264
03-01-05-02-02-01-04.wav,angry,stressed,60.93,21.56,49.12,Dogs are sitting by the door!,1920.6624755859375,1237669.25,0.04014713689684868,0.003430949291214347,4.05001771882752
03-01-05-02-02-01-05.wav,angry,energetic,61.87,19.75,49.24,Dogs are sitting by the door.,1505.23583984375,1068567.0,0.05661946162581444,0.00854365061968565,2.7495188342040144
03-01-05-02-02-01-11.wav,angry,stressed,63.3,19.75,50.24,Dogs are sitting by the door.,1576.78466796875,1296026.5,0.04852224141359329,0.0037057455629110336,3.5557248757877358
03-01-05-02-02-01-12.wav,angry,stressed,50.3,19.75,41.14,Dogs are sitting by the door.,1636.5201416015625,1197477.625,0.02181783877313137,0.0009698662906885147,2.6289413581768293
03-01-05-02-02-01-14.wav,angry,stressed,64.38,21.56,51.54,Dogs are sitting by the door!,1914.0150146484375,1224551.375,0.04948052391409874,0.004775173030793667,3.8361255132316363
03-01-05-02-02-01-17.wav,angry,stressed,54.93,19.75,44.38,Dogs are sitting by the door.,1739.3521728515625,1380802.625,0.030930504202842712,0.0020362953655421734,3.024470717624416
03-01-05-02-02-01-20.wav,angry,energetic,62.51,23.03,50.67,The dogs are sitting by the door!,1851.55712890625,1173272.875,0.06370411813259125,0.010012498125433922,4.994962466830327
03-01-05-02-02-02-01.wav,angry,energetic,62.89,21.56,50.49,Dogs are sitting by the door!,1898.2637939453125,1207316.125,0.09415732324123383,0.013265552930533886,3.154707414970777
03-01-05-02-02-02-03.wav,angry,energetic,64.44,21.56,51.57,Dogs are sitting by the door!,1673.6329345703125,1184994.875,0.06745743006467819,0.0062773022800683975,3.774003774003774
03-01-05-02-02-02-05.wav,angry,energetic,60.5,19.75,48.28,Dogs are sitting by the door.,1653.3094482421875,1058223.25,0.062482982873916626,0.008033066056668758,2.1996150673632116
03-01-05-02-02-02-09.wav,angry,energetic,63.18,21.56,50.7,Dogs are sitting by the door!,1531.3787841796875,947422.9375,0.059365689754486084,0.005316437222063541,3.2739922242684676
03-01-05-02-02-02-10.wav,angry,energetic,63.46,19.75,50.35,Dogs are sitting by the door.,1702.34130859375,1362472.375,0.05934203416109085,0.004899737425148487,3.3836858006042294
03-01-05-02-02-02-11.wav,angry,energetic,62.96,19.75,50.0,Dogs are sitting by the door.,1595.21435546875,1300568.0,0.0613824725151062,0.006833288818597794,3.1826545327962603
03-01-05-02-02-02-12.wav,angry,stressed,58.74,21.92,47.7,Dogs are setting by the door!,1742.8226318359375,1191699.5,0.0403057336807251,0.002947535365819931,4.951543285283818
03-01-05-02-02-02-13.wav,angry,energetic,62.41,21.56,50.16,Dogs are sitting by the door!,1476.503173828125,1030878.1875,0.0900915339589119,0.014838139526546001,5.034914736116523
03-01-05-02-02-02-15.wav,angry,stressed,56.07,19.75,45.18,Dogs are sitting by the door.,1637.80322265625,1199124.375,0.03013715147972107,0.0019945704843848944,3.6074785805959277
03-01-06-01-01-01-01.wav,fear,stressed,44.51,20.81,37.4,Kids are talking by the door.,1469.0975341796875,1189094.5,0.006136012263596058,6.39932623016648e-05,5.176582774239689
03-01-06-01-01-01-07.wav,fear,stressed,46.31,20.81,38.66,Kids are talking by the door.,1435.8629150390625,1494801.375,0.0037356724496930838,1.7894715711008757e-05,4.073541981123498
03-01-06-01-01-01-11.wav,fear,stressed,44.96,20.81,37.72,Kids are talking by the door.,1435.626708984375,1292949.0,0.003293966641649604,1.5892654118943028e-05,3.458088685566082
03-01-06-01-01-01-12.wav,fear,stressed,47.38,20.81,39.41,Kids are talking by the door.,1703.4566650390625,1270379.875,0.010331607423722744,0.0001592618937138468,4.701129372876688
03-01-06-01-01-01-20.wav,fear,stressed,43.49,20.81,36.68,Kids are talking by the door.,1883.5037841796875,1256994.25,0.0015000300481915474,8.110508133540861e-06,3.154729629812195
03-01-06-01-01-02-07.wav,fear,stressed,46.08,20.81,38.5,Kids are talking by the door.,1802.0721435546875,1220861.625,0.0045051309280097485,3.177099279128015e-05,3.710575139146568
03-01-06-01-01-02-10.wav,fear,stressed,43.94,20.81,37.0,Kids are talking by the door.,1287.6719970703125,954756.875,0.005318402778357267,4.979830191587098e-05,2.7245378691843416
03-01-06-01-01-02-16.wav,fear,stressed,46.01,20.81,38.45,Kids are talking by the door.,1893.8616943359375,1358927.75,0.00612979382276535,6.912241951795295e-05,3.4251462822891394
03-01-06-01-01-02-18.wav,fear,stressed,46.9,20.81,39.07,Kids are talking by the door.,1931.3795166015625,1263359.125,0.007302510552108288,8.552646613679826e-05,4.407308787071894
03-01-06-01-01-02-21.wav,fear,stressed,47.96,20.81,39.81,Kids are talking by the door.,1651.284912109375,1290404.375,0.007531747687608004,0.00010209428728558123,3.9783181659953257
03-01-06-01-02-01-05.wav,fear,stressed,41.45,19.75,34.94,Dogs are sitting by the door.,1082.9134521484375,1054806.5,0.00218017864972353,8.864410119713284e-06,2.2317870237525907
03-01-06-01-02-01-06.wav,fear,stressed,46.12,19.75,38.21,Dogs are sitting by the door.,1763.0120849609375,1329107.5,0.0032908658031374216,1.4524429388984572e-05,3.9212940270289196
03-01-06-01-02-01-07.wav,fear,stressed,46.47,19.75,38.46,Dogs are sitting by the door.,1744.351318359375,1349155.25,0.004137520212680101,2.7275904358248226e-05,4.073541981123498
03-01-06-01-02-01-08.wav,fear,stressed,48.52,19.75,39.89,Dogs are sitting by the door.,1643.0107421875,1072526.0,0.010596767999231815,0.00017645601474214345,3.7130969549289707
03-01-06-01-02-01-13.wav,fear,stressed,43.74,19.75,36.54,Dogs are sitting by the door.,1116.44140625,1011805.1875,0.004291142802685499,3.6367899156175554e-05,2.809646452821353
03-01-06-01-02-01-16.wav,fear,stressed,45.15,19.75,37.53,Dogs are sitting by the door.,1863.2861328125,1330676.125,0.006477839779108763,7.52645282773301e-05,3.024470717624416
03-01-06-01-02-01-18.wav,fear,stressed,44.58,19.75,37.13,Dogs are sitting by the door.,1910.2071533203125,1254580.375,0.005930969025939703,5.5931599490577355e-05,2.8817405713050683
03-01-06-01-02-01-21.wav,fear,stressed,43.44,21.54,36.87,Dogs are sitting behind the door.,1734.9326171875,1398422.625,0.006921359803527594,8.742918726056814e-05,2.266645679206674
03-01-06-01-02-01-24.wav,fear,stressed,49.13,23.77,41.52,Talks are sitting by the door.,1835.510009765625,1237979.75,0.012313788756728172,0.0003017771814484149,4.317734459330751
03-01-06-01-02-02-02.wav,fear,stressed,47.85,19.75,39.42,Dogs are sitting by the door.,1997.6190185546875,1235609.125,0.008872504346072674,0.00011985371384071186,4.281437626478016
03-01-06-01-02-02-07.wav,fear,stressed,43.93,19.75,36.68,Dogs are sitting by the door.,1824.490966796875,1284914.125,0.003786996938288212,2.6386907848063856e-05,2.9673040188423805
03-01-06-01-02-02-08.wav,fear,stressed,47.43,20.86,39.46,Tugs are sitting by the door.,1520.3123779296875,1204815.875,0.008323711343109608,0.0001092723396141082,4.3592275993597385
03-01-06-01-02-02-09.wav,fear,stressed,44.85,28.52,39.95,Thanks for sitting by the door.,1693.717529296875,1430261.375,0.00070232740836218,7.672880997233733e-07,3.825920612147298
03-01-06-01-02-02-10.wav,fear,stressed,42.38,19.75,35.59,Dogs are sitting by the door.,1293.557373046875,1299704.5,0.007536015007644892,9.381439303979278e-05,1.7458037061957847
03-01-06-01-02-02-17.wav,fear,stressed,53.48,21.2,43.8,Dogs were sitting by the door.,1812.2064208984375,1311143.5,0.03590140864253044,0.0025014423299580812,1.6497113005224087
03-01-06-01-02-02-18.wav,fear,stressed,47.09,23.77,40.09,Talks are sitting by the door.,1838.2503662109375,1302811.75,0.007245998829603195,7.151866157073528e-05,4.322533004340543
03-01-06-01-02-02-19.wav,fear,stressed,45.04,19.75,37.45,Dogs are sitting by the door.,1376.5296630859375,1617788.25,0.003886392805725336,2.299193147337064e-05,3.3928255875596394
03-01-06-01-02-02-20.wav,fear,stressed,38.76,23.77,34.26,Talks are sitting by the door.,1949.19140625,1310438.25,0.0010356975253671408,1.7590953120816266e-06,6.659981458006168
03-01-06-01-02-02-21.wav,fear,stressed,43.61,19.75,36.45,Dogs are sitting by the door.,1573.2427978515625,1293091.375,0.007701115682721138,0.000120921729831025,2.2108947982558496
03-01-06-02-01-01-02.wav,fear,stressed,46.78,20.59,38.92,Kids are talking by the tour.,2038.9505615234375,1242274.5,0.013948991894721985,0.0003892226086463779,5.520776852171341
03-01-06-02-01-01-07.wav,fear,stressed,50.92,22.67,42.45,Kids are talking by the door!,1787.108642578125,1153210.375,0.019026007503271103,0.0005798384081572294,4.6741820181468245
03-01-06-02-01-02-01.wav,fear,stressed,53.09,20.81,43.41,Kids are talking by the door.,1747.0072021484375,1129610.375,0.02325247973203659,0.00106107781175524,4.483709679798233
03-01-06-02-01-02-06.wav,fear,energetic,59.04,24.96,48.82,Kids are talking about the door!,2083.01904296875,1239443.25,0.056108325719833374,0.004577343352138996,6.382462104131257
03-01-06-02-01-02-08.wav,fear,stressed,55.57,26.88,46.97,"Kid, they're talking by the door!",1918.5162353515625,1285286.75,0.027051014825701714,0.0016068393597379327,4.098426268350863
03-01-06-02-01-02-09.wav,fear,stressed,44.14,26.83,38.95,"Kids are talking about it, do I?",1675.006103515625,1163044.875,0.0015317671932280064,4.231800630805083e-06,4.587243639977828
03-01-06-02-01-02-13.wav,fear,stressed,49.6,22.67,41.52,Kids are talking by the door!,1263.6416015625,1021751.5625,0.01707177422940731,0.0006119632162153721,4.8930598826430165
03-01-06-02-01-02-18.wav,fear,stressed,53.36,24.22,44.62,Kids are talking! By the door!,1869.177734375,1193392.75,0.02438061125576496,0.0013949050335213542,4.5553990469625685
03-01-06-02-01-02-19.wav,fear,stressed,57.8,22.67,47.26,Kids are talking by the door!,1836.9671630859375,1129783.75,0.03411027044057846,0.001699646469205618,3.660437250668459
03-01-06-02-01-02-23.wav,fear,stressed,46.74,20.81,38.96,Kids are talking by the door.,1887.8404541015625,1237907.625,0.011168110184371471,0.00024013298389036208,2.9096728436596413
03-01-06-02-02-01-01.wav,fear,stressed,59.78,19.75,47.77,Dogs are sitting by the door.,1668.9210205078125,1228142.25,0.03714059665799141,0.002495891647413373,4.029592318589643
03-01-06-02-02-01-07.wav,fear,stressed,55.38,21.56,45.23,Dogs are sitting by the door!,1847.25341796875,1201646.125,0.028487738221883774,0.0012981846230104566,4.407308787071894
03-01-06-02-02-01-09.wav,fear,stressed,47.46,27.82,41.57,"Dogs, you're sitting by the door.",1545.048828125,1095912.125,0.007978945039212704,0.00014440125960391015,3.707637346722024
03-01-06-02-02-01-11.wav,fear,stressed,55.38,19.75,44.7,Dogs are sitting by the door.,1550.783935546875,1210449.125,0.02742919884622097,0.0016326624900102615,4.234872546624318
03-01-06-02-02-01-17.wav,fear,stressed,53.18,28.87,45.89,Talks for sitting by the door!,1579.7269287109375,1125058.875,0.03352358564734459,0.002422948135063052,1.9071620747198856
03-01-06-02-02-01-18.wav,fear,stressed,48.8,19.75,40.09,Dogs are sitting by the door.,1967.6427001953125,1234892.0,0.01243072934448719,0.00029769138200208545,4.46920030890061
03-01-06-02-02-01-22.wav,fear,stressed,50.11,19.75,41.01,Dogs are sitting by the door.,1681.7060546875,1136468.5,0.016733989119529724,0.0005173005629330873,4.631679324319722
03-01-06-02-02-02-02.wav,fear,stressed,49.69,19.75,40.71,Dogs are sitting by the door.,1886.5828857421875,1268452.0,0.016201412305235863,0.0005487645976245403,4.7174719900100595
03-01-06-02-02-02-20.wav,fear,energetic,64.11,21.56,51.35,Dogs are sitting by the door!,1919.9732666015625,1293331.875,0.05980641394853592,0.012179671786725521,4.354577910122793
03-01-06-02-02-02-21.wav,fear,stressed,47.05,23.93,40.11,Dogs who are sitting by the door.,1648.959228515625,1296145.75,0.016374686732888222,0.00047062375233508646,2.1996150673632116
03-01-06-02-02-02-24.wav,fear,stressed,58.1,21.56,47.14,Dogs are sitting by the door!,1953.8782958984375,1186316.0,0.0447196401655674,0.003052555024623871,2.0848603306458178
03-01-07-01-01-01-02.wav,disgust,stressed,45.2,20.81,37.88,Kids are talking by the door.,1650.1419677734375,1124004.5,0.00336707616224885,1.8757395082502626e-05,3.5418724244797875
03-01-07-01-01-01-05.wav,disgust,stressed,44.62,20.81,37.47,Kids are talking by the door.,1449.9063720703125,1284532.625,0.000986998318694532,2.308438752152142e-06,3.6886013572900302
03-01-07-01-01-01-07.wav,disgust,stressed,43.63,20.81,36.79,Kids are talking by the door.,1670.885498046875,1239589.75,0.0021417655516415834,7.80779191700276e-06,3.1100901219296695
03-01-07-01-01-01-10.wav,disgust,stressed,45.57,20.81,38.15,Kids are talking by the door.,1677.945556640625,1543752.5,0.006187077611684799,5.55541628273204e-05,3.239959500506244
03-01-07-01-01-01-12.wav,disgust,stressed,41.98,20.81,35.63,Kids are talking by the door.,1737.221435546875,1322776.625,0.0040784417651593685,2.7977048375760205e-05,2.140718813239008
03-01-07-01-01-01-14.wav,disgust,stressed,43.45,20.81,36.66,Kids are talking by the door.,2004.2664794921875,1262211.625,0.004547378979623318,2.886040965677239e-05,2.6522121106635503
03-01-07-01-01-01-17.wav,disgust,stressed,45.55,20.81,38.13,Kids are talking by the door.,1435.973876953125,1233108.875,0.005208377260714769,6.850666977697983e-05,3.387898037299454
03-01-07-01-01-01-20.wav,disgust,stressed,44.84,20.81,37.63,Kids are talking by the door.,1856.1038818359375,1235966.125,0.003596450434997678,1.902161784528289e-05,3.3586849456635823
03-01-07-01-01-01-22.wav,disgust,stressed,44.82,20.81,37.62,Kids are talking by the door.,1709.2265625,1230714.625,0.004929869901388884,4.47999409516342e-05,4.8600212625930235
03-01-07-01-01-02-02.wav,disgust,stressed,44.57,20.81,37.44,Kids are talking by the door.,1767.0679931640625,1255213.5,0.0031401754822582006,1.763009640853852e-05,4.6741820181468245
03-01-07-01-01-02-12.wav,disgust,stressed,44.76,20.81,37.57,Kids are talking by the door.,1513.5877685546875,1158768.75,0.004762790631502867,3.0752340535400435e-05,4.859939250759366
03-01-07-01-01-02-14.wav,disgust,stressed,46.01,20.81,38.45,Kids are talking by the door.,1874.5897216796875,1295270.0,0.0034582638181746006,2.1028818082413636e-05,3.84932636788562
03-01-07-01-01-02-17.wav,disgust,stressed,47.06,20.81,39.18,Kids are talking by the door.,1265.88671875,1274655.125,0.006525692064315081,9.992053674068302e-05,3.779952750590618
03-01-07-01-01-02-20.wav,disgust,stressed,45.62,20.81,38.18,Kids are talking by the door.,1804.8013916015625,1191663.875,0.0016366849886253476,4.470538442546967e-06,4.01384777482314
03-01-07-01-01-02-21.wav,disgust,stressed,44.75,20.81,37.57,Kids are talking by the door.,1552.739501953125,1105054.75,0.009019354358315468,0.00014870833547320217,2.4565497758398327
03-01-07-01-02-01-03.wav,disgust,stressed,42.73,19.75,35.84,Dogs are sitting by the door.,1566.4464111328125,1141774.875,0.003721601329743862,2.1011761418776587e-05,2.497485171181796
03-01-07-01-02-01-08.wav,disgust,stressed,45.06,19.75,37.47,Dogs are sitting by the door.,1164.829833984375,914045.0,0.0029209605418145657,1.2711088857031427e-05,3.5557248757877358
03-01-07-01-02-01-19.wav,disgust,stressed,39.0,21.27,33.68,Augsets sitting by the door.,1323.4268798828125,1109492.75,0.003457325976341963,1.7857331840787083e-05,6.952977492732341
03-01-07-01-02-01-21.wav,disgust,stressed,46.25,19.75,38.3,Dogs are sitting by the door.,1573.0621337890625,1198571.375,0.009214451536536217,0.00013101525837555528,3.024470717624416
03-01-07-01-02-02-05.wav,disgust,stressed,41.36,19.75,34.88,Dogs are sitting by the door.,1259.411865234375,1177819.75,0.0025154328905045986,1.8262260709889233e-05,2.140718813239008
03-01-07-01-02-02-14.wav,disgust,stressed,47.75,19.75,39.35,Dogs are sitting by the door.,1876.01953125,1331840.0,0.006999768782407045,8.958884427556768e-05,3.9783181659953257
03-01-07-01-02-02-18.wav,disgust,stressed,46.83,29.58,41.65,"Toxic, sitting by the door.",1790.0927734375,1245292.75,0.008123228326439857,0.0001252880465472117,3.43165992250168
03-01-07-01-02-02-19.wav,disgust,stressed,46.08,24.81,39.7,The dog is just sitting by the door.,1529.660400390625,1304876.5,0.0046812077052891254,3.8366688386304304e-05,4.317665920599394
03-01-07-01-02-02-24.wav,disgust,stressed,46.36,19.75,38.38,Dogs are sitting by the door.,1806.1796875,1305251.625,0.006914438679814339,8.036596409510821e-05,3.4391696861757657
03-01-07-02-01-01-01.wav,disgust,stressed,49.46,22.67,41.42,Kids are talking by the door!,1795.4237060546875,1247082.75,0.011467190459370613,0.00029265362536534667,3.9495273635452817
03-01-07-02-01-01-03.wav,disgust,stressed,42.79,20.81,36.2,Kids are talking by the door.,1606.6943359375,1100801.125,0.0045023816637694836,3.7299982068361714e-05,5.604117808302623
03-01-07-02-01-01-05.wav,disgust,stressed,44.43,20.81,37.34,Kids are talking by the door.,1382.4195556640625,1122151.125,0.0019627169240266085,6.182762717799051e-06,3.4580637724594037
03-01-07-02-01-01-07.wav,disgust,stressed,47.1,20.81,39.21,Kids are talking by the door.,1739.2757568359375,1416760.25,0.008943185210227966,0.00011336498573655263,4.59214501510574
03-01-07-02-01-01-09.wav,disgust,stressed,44.56,20.81,37.43,Kids are talking by the door.,1714.419921875,1313232.25,0.0015602314379066229,3.845033006655285e-06,3.5743744844652188
03-01-07-02-01-01-10.wav,disgust,stressed,52.5,22.67,43.55,Kids are talking by the door!,1775.8985595703125,1265811.375,0.020504023879766464,0.0006792687927372754,4.281394664311899
03-01-07-02-01-01-11.wav,disgust,stressed,46.86,20.81,39.04,Kids are talking by the door.,1599.1544189453125,1437243.375,0.006637401878833771,7.451493002008647e-05,3.680517901447561
03-01-07-02-01-01-14.wav,disgust,stressed,45.94,20.81,38.4,Kids are talking by the door.,2011.4737548828125,1307344.125,0.0090926019474864,0.00013253651559352875,5.079687599212648
03-01-07-02-01-01-22.wav,disgust,stressed,47.6,20.81,39.57,Kids are talking by the door.,1780.9991455078125,1246299.5,0.006584769114851952,7.019373151706532e-05,4.0117402398194715
03-01-07-02-01-02-04.wav,disgust,stressed,46.63,22.46,39.38,Kids are talking about the door.,1947.5081787109375,1251677.625,0.012053820304572582,0.000392452027881518,2.724542555497074
03-01-07-02-01-02-08.wav,disgust,stressed,42.99,20.81,36.34,Kids are talking by the door.,1323.6241455078125,1191462.375,0.0031257309019565582,1.573930239828769e-05,5.304424221327101
03-01-07-02-01-02-16.wav,disgust,stressed,46.81,20.81,39.01,Kids are talking by the door.,1861.6953125,1404061.875,0.006084042601287365,6.174792360980064e-05,4.247662310846287
03-01-07-02-01-02-20.wav,disgust,stressed,45.06,20.81,37.78,Kids are talking by the door.,1935.4801025390625,1262002.625,0.005605653859674931,8.306092786369845e-05,4.87314592026315
03-01-07-02-01-02-21.wav,disgust,stressed,46.91,20.81,39.08,Kids are talking by the door.,1532.583984375,1239796.0,0.006552595645189285,9.432547813048586e-05,3.715285302950556
03-01-07-02-01-02-23.wav,disgust,stressed,44.87,20.81,37.66,Kids are talking by the door.,1778.748291015625,1219099.375,0.0069251880049705505,0.00010370239760959521,2.841964184792262
03-01-07-02-02-01-01.wav,disgust,stressed,48.16,27.42,41.94,Oh dogs are sitting by the door!,1647.75048828125,1279718.625,0.011216835118830204,0.00022912462009117007,3.4675996160871856
03-01-07-02-02-01-09.wav,disgust,stressed,43.1,19.75,36.1,Dogs are sitting by the door.,1632.4818115234375,1322014.0,0.002741412725299597,1.831317422329448e-05,2.800924305020657
03-01-07-02-02-01-16.wav,disgust,stressed,45.49,19.75,37.77,Dogs are sitting by the door.,1534.5372314453125,1228357.75,0.007940612733364105,8.721305493963882e-05,5.075528700906344
03-01-07-02-02-01-20.wav,disgust,stressed,43.58,18.32,36.0,Dogs sitting by the door.,1865.3778076171875,1253600.375,0.008269039914011955,0.00015519473527092487,2.1105673468849346
03-01-07-02-02-02-03.wav,disgust,stressed,46.66,21.56,39.13,Dogs are sitting by the door!,1691.624755859375,1217546.75,0.014060384593904018,0.0002775892207864672,5.587567661952156
03-01-07-02-02-02-04.wav,disgust,stressed,49.37,19.75,40.49,Dogs are sitting by the door.,1783.086669921875,1222787.625,0.012915116734802723,0.00028162504895590246,4.317665920599394
03-01-07-02-02-02-05.wav,disgust,stressed,42.17,19.75,35.44,Dogs are sitting by the door.,894.1690063476562,551358.25,0.002771431114524603,1.0002650014939718e-05,2.4240420901853845
03-01-07-02-02-02-07.wav,disgust,stressed,44.86,19.75,37.33,Dogs are sitting by the door.,1470.5682373046875,1311739.125,0.006304537877440453,4.299513602745719e-05,2.934126246021246
03-01-07-02-02-02-10.wav,disgust,stressed,53.26,19.75,43.21,Dogs are sitting by the door.,1389.86962890625,912813.8125,0.027692383155226707,0.000799295085016638,2.8738212842388866
03-01-07-02-02-02-12.wav,disgust,stressed,49.23,19.75,40.39,Dogs are sitting by the door.,1678.6300048828125,1141459.25,0.01233182568103075,0.00022998658823780715,4.281374447120304
03-01-07-02-02-02-13.wav,disgust,stressed,44.96,19.75,37.4,Dogs are sitting by the door.,993.75634765625,790451.75,0.0030734767206013203,1.9102108126389794e-05,3.4916074123915695
03-01-07-02-02-02-16.wav,disgust,stressed,48.56,19.75,39.92,Dogs are sitting by the door.,1790.5379638671875,1263989.5,0.009731516242027283,0.00012635196617338806,3.8670694864048336
03-01-07-02-02-02-17.wav,disgust,stressed,46.57,19.75,38.53,Dogs are sitting by the door.,1554.884033203125,1441858.5,0.008566617034375668,0.00017124477017205209,3.2575942666340905
03-01-07-02-02-02-18.wav,disgust,stressed,50.27,23.88,42.35,Doctors sitting by the door!,1950.930419921875,1251673.625,0.01902928203344345,0.0009831085335463285,3.0626196335794367
03-01-08-01-01-01-02.wav,surprise,stressed,45.85,20.81,38.34,Kids are talking by the door.,1779.014404296875,1314083.25,0.0071716043166816235,9.117019362747669e-05,4.806502915709489
03-01-08-01-01-01-07.wav,surprise,stressed,46.56,20.81,38.84,Kids are talking by the door.,1522.7000732421875,1271739.125,0.004119595978409052,2.632488940434996e-05,4.034436799827096
03-01-08-01-01-01-13.wav,surprise,stressed,43.64,20.81,36.79,Kids are talking by the door.,1232.4822998046875,1032177.25,0.006917123682796955,7.764479232719168e-05,2.350564686438344
03-01-08-01-01-01-19.wav,surprise,stressed,45.68,23.07,38.89,The kids are talking by the door.,1291.7257080078125,1202437.75,0.0032737618312239647,1.6011490515666083e-05,3.746257923168264
03-01-08-01-01-01-21.wav,surprise,stressed,46.7,20.81,38.93,Kids are talking by the door.,1619.980224609375,1204124.25,0.011400427669286728,0.00021611254487652332,2.854288568574283
03-01-08-01-01-01-22.wav,surprise,stressed,47.29,20.81,39.34,Kids are talking by the door.,1647.892578125,1182656.0,0.0072258575819432735,8.477729716105387e-05,4.241031984449549
03-01-08-01-01-01-23.wav,surprise,stressed,46.42,20.81,38.74,Kids are talking by the door.,1691.0711669921875,1231395.125,0.0113475127145648,0.00023937558580655605,2.7523461839866967
03-01-08-01-01-02-02.wav,surprise,stressed,46.65,20.81,38.9,Kids are talking by the door.,1871.2327880859375,1232389.0,0.0056214407086372375,5.221333049121313e-05,4.241031984449549
03-01-08-01-01-02-07.wav,surprise,stressed,44.94,20.81,37.7,Kids are talking by the door.,1629.609130859375,1299541.0,0.004889303352683783,3.7375146348495036e-05,4.806502915709489
03-01-08-01-01-02-11.wav,surprise,stressed,44.94,20.81,37.7,Kids are talking by the door.,1169.2877197265625,1073993.875,0.004926659166812897,5.5100063036661595e-05,3.1882671767894153
03-01-08-01-01-02-12.wav,surprise,stressed,46.28,20.81,38.64,Kids are talking by the door.,1740.020751953125,1278717.875,0.005870698485523462,5.9745219914475456e-05,3.5743744844652188
03-01-08-01-01-02-17.wav,surprise,stressed,46.94,22.46,39.6,Kids are talking about the door.,1871.3035888671875,1413408.0,0.009071502834558487,0.0001440515770809725,4.6741820181468245
03-01-08-01-01-02-18.wav,surprise,stressed,44.27,20.81,37.23,Kids are talking by the door.,1875.2479248046875,1295088.75,0.0035516638308763504,1.8456130419508554e-05,3.1397174254317113
03-01-08-01-01-02-21.wav,surprise,stressed,47.06,20.81,39.18,Kids are talking by the door.,1428.114013671875,1151223.375,0.010328206233680248,0.0001957829372258857,3.169914628435575
03-01-08-01-02-01-03.wav,surprise,stressed,44.45,19.75,37.04,Dogs are sitting by the door.,1664.3365478515625,1160038.5,0.00605340301990509,6.466032209573314e-05,2.809646452821353
03-01-08-01-02-01-04.wav,surprise,stressed,47.78,19.75,39.37,Dogs are sitting by the door.,1697.478271484375,1264217.875,0.0096008675172925,0.00016643558046780527,3.5743744844652188
03-01-08-01-02-01-05.wav,surprise,stressed,43.84,19.75,36.62,Dogs are sitting by the door.,1170.833251953125,1025139.625,0.003786704735830426,2.5476343580521643e-05,2.9318348399706817
03-01-08-01-02-01-06.wav,surprise,stressed,42.26,19.75,35.51,Dogs are sitting by the door.,1787.858642578125,1291866.75,0.002542251953855157,1.209759466291871e-05,2.4974635136189804
03-01-08-01-02-01-10.wav,surprise,stressed,48.02,19.75,39.54,Dogs are sitting by the door.,1089.1859130859375,966436.875,0.02005513571202755,0.0006518095615319908,1.998001998001998
03-01-08-01-02-01-14.wav,surprise,stressed,44.59,23.77,38.34,Talks are sitting by the door.,1906.814208984375,1297405.25,0.002510744845494628,1.537379648652859e-05,3.434012331226098
03-01-08-01-02-01-18.wav,surprise,stressed,44.89,19.75,37.35,Dogs are sitting by the door.,1895.6375732421875,1271786.25,0.005091531202197075,4.375536445877515e-05,3.1397174254317113
03-01-08-01-02-01-23.wav,surprise,stressed,46.93,19.75,38.78,Dogs are sitting by the door.,1473.5572509765625,1014686.75,0.01280177105218172,0.0003537626180332154,2.7245378691843416
03-01-08-01-02-02-07.wav,surprise,stressed,46.69,19.75,38.61,Dogs are sitting by the door.,1313.36083984375,1135354.0,0.004687212873250246,3.343426214996725e-05,4.073541981123498
03-01-08-01-02-02-11.wav,surprise,stressed,44.63,19.75,37.17,Dogs are sitting by the door.,1433.50048828125,1169365.5,0.0072303107008337975,0.00010357124119764194,2.693942837900408
03-01-08-01-02-02-15.wav,surprise,stressed,45.51,19.75,37.78,Dogs are sitting by the door.,1002.2415771484375,705028.875,0.005863321479409933,6.006350668030791e-05,3.2640344207266185
03-01-08-01-02-02-18.wav,surprise,stressed,43.5,23.79,37.59,Drugs are sitting by the door.,1858.75,1263410.25,0.0034154944587498903,1.6507954569533467e-05,2.854288568574283
03-01-08-01-02-02-24.wav,surprise,stressed,45.44,19.75,37.74,Dogs are sitting by the door.,1884.4908447265625,1257534.125,0.007746155373752117,0.00010980988008668646,2.9382058580479296
03-01-08-02-01-01-05.wav,surprise,stressed,43.39,20.81,36.62,Kids are talking by the door.,1470.4869384765625,1294576.75,0.00435884203761816,2.4289756765938364e-05,2.6586102719033233
03-01-08-02-01-01-08.wav,surprise,stressed,47.59,22.46,40.05,Kids are talking about the door.,1658.6456298828125,1282766.25,0.007041648495942354,7.828308298485354e-05,3.909113119960909
03-01-08-02-01-01-10.wav,surprise,stressed,54.03,20.81,44.06,Kids are talking by the door.,1521.515869140625,1096344.75,0.022591406479477882,0.0008261319017037749,3.996003996003996
03-01-08-02-01-01-13.wav,surprise,stressed,44.72,20.81,37.55,Kids are talking by the door.,1208.519287109375,949202.0,0.005577167961746454,5.9987356507917866e-05,2.996984284563658
03-01-08-02-01-01-18.wav,surprise,stressed,45.37,20.81,38.0,Kids are talking by the door.,1892.9234619140625,1229856.0,0.005296311341226101,4.714382885140367e-05,3.2994226010448173
03-01-08-02-01-01-22.wav,surprise,stressed,48.25,20.81,40.02,Kids are talking by the door.,1765.5499267578125,1228032.0,0.0086142523214221,0.00010662695422070101,3.9212940270289196
03-01-08-02-01-02-07.wav,surprise,stressed,46.33,24.82,39.88,Kids are talking by the door?,1654.604248046875,1177947.5,0.005817498080432415,6.241023220354691e-05,4.399230134726423
03-01-08-02-01-02-15.wav,surprise,stressed,47.94,20.81,39.8,Kids are talking by the door.,1485.33447265625,1161464.0,0.00884971208870411,0.00013122484961058944,4.238170018731198
03-01-08-02-01-02-23.wav,surprise,stressed,47.49,20.81,39.48,Kids are talking by the door.,1633.994140625,1184066.125,0.016382070258259773,0.0005154940881766379,2.3738432150739044
03-01-08-02-02-01-04.wav,surprise,stressed,51.25,19.75,41.8,Dogs are sitting by the door.,1745.6787109375,1231419.75,0.019009236246347427,0.0006379869882948697,3.458088685566082
03-01-08-02-02-01-08.wav,surprise,stressed,47.45,19.75,39.14,Dogs are sitting by the door.,1215.2484130859375,980245.5,0.009774107486009598,0.0001784923515515402,3.417623765629878
03-01-08-02-02-01-09.wav,surprise,stressed,45.26,19.75,37.61,Dogs are sitting by the door.,1067.4803466796875,991180.9375,0.0017794850282371044,6.013791789882816e-06,3.8196676154623086
03-01-08-02-02-01-10.wav,surprise,stressed,56.47,19.75,45.45,Dogs are sitting by the door.,1213.4757080078125,969328.5625,0.03476275876164436,0.002043522195890546,3.024470717624416
03-01-08-02-02-01-14.wav,surprise,stressed,44.37,19.75,36.98,Dogs are sitting by the door.,1901.0506591796875,1269589.5,0.004859935026615858,3.663173993118107e-05,2.969962875464057
03-01-08-02-02-01-15.wav,surprise,stressed,45.22,22.48,38.4,Doctors sitting by the door.,1257.7369384765625,898426.8125,0.006031581200659275,6.950923125259578e-05,3.121829392023726
03-01-08-02-02-01-21.wav,surprise,stressed,46.2,19.75,38.27,Dogs are sitting by the door.,1742.61669921875,1296739.5,0.013595960102975368,0.00031325381132774055,2.3053509356482897
03-01-08-02-02-01-23.wav,surprise,stressed,50.21,19.75,41.07,Dogs are sitting by the door.,1825.1943359375,1182238.5,0.019285960122942924,0.0007972324383445084,2.996984284563658
03-01-08-02-02-02-01.wav,surprise,stressed,46.48,19.75,38.46,Dogs are sitting by the door.,1795.8038330078125,1270933.0,0.009590181522071362,0.00016677881649229676,3.058162426651885
03-01-08-02-02-02-03.wav,surprise,stressed,49.12,19.75,40.31,Dogs are sitting by the door.,1694.23193359375,1140991.125,0.010398558340966702,0.00020390551071614027,4.016607125615526
03-01-08-02-02-02-04.wav,surprise,stressed,52.05,19.75,42.36,Dogs are sitting by the door.,1763.0655517578125,1190925.625,0.0231887549161911,0.0008672294788993895,3.1100901219296695
03-01-08-02-02-02-11.wav,surprise,stressed,46.71,19.75,38.62,Dogs are sitting by the door.,1616.4410400390625,1451723.75,0.01095486804842949,0.00025641804677434266,2.9318348399706817
